sku,description,category,brand,size,material,thread,length,uom,pack_qty,unit_price,status,replaced_by
HHCS-1/4-20x3/4-SS,"Hex Cap Screw 1/4""-20 x 3/4"" 18-8 Stainless",hex_cap_screw,Torqline,1/4,SS,20,3/4,EA,1,0.69,active,
HHCS-1/4-20x3/4-ZP,"Hex Cap Screw 1/4""-20 x 3/4"" Zinc Plated",hex_cap_screw,Torqline,1/4,ZP,20,3/4,EA,1,0.24,active,
HHCS-1/4-20x3/4-PL,"Hex Cap Screw 1/4""-20 x 3/4"" Plain Steel",hex_cap_screw,Torqline,1/4,PL,20,3/4,EA,1,0.23,active,
HHCS-1/4-20x1-SS,"Hex Cap Screw 1/4""-20 x 1"" 18-8 Stainless",hex_cap_screw,Torqline,1/4,SS,20,1,EA,1,0.74,active,
HHCS-1/4-20x1-ZP,"Hex Cap Screw 1/4""-20 x 1"" Zinc Plated",hex_cap_screw,Torqline,1/4,ZP,20,1,EA,1,0.29,active,
HHCS-1/4-20x1-PL,"Hex Cap Screw 1/4""-20 x 1"" Plain Steel",hex_cap_screw,Torqline,1/4,PL,20,1,EA,1,0.24,active,
HHCS-1/4-20x1-1/4-SS,"Hex Cap Screw 1/4""-20 x 1-1/4"" 18-8 Stainless",hex_cap_screw,Torqline,1/4,SS,20,1-1/4,EA,1,0.80,active,
HHCS-1/4-20x1-1/4-ZP,"Hex Cap Screw 1/4""-20 x 1-1/4"" Zinc Plated",hex_cap_screw,Torqline,1/4,ZP,20,1-1/4,EA,1,0.33,active,
HHCS-1/4-20x1-1/4-PL,"Hex Cap Screw 1/4""-20 x 1-1/4"" Plain Steel",hex_cap_screw,Torqline,1/4,PL,20,1-1/4,EA,1,0.25,active,
HHCS-1/4-20x1-1/2-SS,"Hex Cap Screw 1/4""-20X1-1/2"" 18-8 Stainless",hex_cap_screw,Torqline,1/4,SS,20,1-1/2,EA,1,0.82,active,
HHCS-1/4-20x1-1/2-ZP,"Hex Cap Screw 1/4""-20 x 1-1/2"" Zinc Plated",hex_cap_screw,Torqline,1/4,ZP,20,1-1/2,EA,1,0.36,active,
HHCS-1/4-20x1-1/2-PL,"Hex Cap Screw 1/4""-20 x 1-1/2"" Plain Steel",hex_cap_screw,Torqline,1/4,PL,20,1-1/2,EA,1,0.26,active,
HHCS-1/4-20x2-SS,"Hex Cap Screw 1/4""-20 x 2"" 18-8 Stainless",hex_cap_screw,Torqline,1/4,SS,20,2,EA,1,0.92,active,
HHCS-1/4-20x2-ZP,"Hex Cap Screw 1/4""-20 x 2"" Zinc Plated",hex_cap_screw,Torqline,1/4,ZP,20,2,EA,1,0.43,active,
HHCS-1/4-20x2-PL,"Hex Cap Screw 1/4""-20 x 2"" Plain Steel",hex_cap_screw,Torqline,1/4,PL,20,2,EA,1,0.31,active,
HHCS-1/4-20x2-1/2-SS,"Hex Cap Screw 1/4""-20 x 2-1/2"" 18-8 Stainless",hex_cap_screw,Torqline,1/4,SS,20,2-1/2,EA,1,1.22,active,
HHCS-1/4-20x2-1/2-ZP,"Hex Cap Screw 1/4""-20 x 2-1/2"" Zinc Plated",hex_cap_screw,Torqline,1/4,ZP,20,2-1/2,EA,1,0.48,active,
HHCS-1/4-20x2-1/2-PL,"Hex Cap Screw 1/4""-20 x 2-1/2"" Plain Steel",hex_cap_screw,Torqline,1/4,PL,20,2-1/2,EA,1,0.42,active,
HHCS-1/4-20x3-SS,"Hex Cap Screw 1/4""-20 x 3"" 18-8 Stainless",hex_cap_screw,Torqline,1/4,SS,20,3,EA,1,1.35,active,
HHCS-1/4-20x3-ZP,"Hex Cap Screw 1/4""-20 x 3"" Zinc Plated",hex_cap_screw,Torqline,1/4,ZP,20,3,EA,1,0.54,active,
HHCS-1/4-20x3-PL,"Hex Cap Screw 1/4""-20 x 3"" Plain Steel",hex_cap_screw,Torqline,1/4,PL,20,3,EA,1,0.38,active,
HHCS-5/16-18x3/4-SS,"Hex Cap Screw 5/16""-18 x 3/4"" 18-8 Stainless",hex_cap_screw,Torqline,5/16,SS,18,3/4,EA,1,0.77,active,
HHCS-5/16-18x3/4-ZP,"Hex Cap Screw 5/16""-18 x 3/4"" Zinc Plated",hex_cap_screw,Torqline,5/16,ZP,18,3/4,EA,1,0.33,active,
HHCS-5/16-18x3/4-PL,"Hex Cap Screw 5/16""-18 x 3/4"" Plain Steel",hex_cap_screw,Torqline,5/16,PL,18,3/4,EA,1,0.29,active,
HHCS-5/16-18x1-SS,"Hex Cap Screw 5/16""-18 x 1"" 18-8 Stainless",hex_cap_screw,Torqline,5/16,SS,18,1,EA,1,0.82,active,
HHCS-5/16-18x1-ZP,"Hex Cap Screw 5/16""-18 x 1"" Zinc Plated",hex_cap_screw,Torqline,5/16,ZP,18,1,EA,1,0.30,active,
HHCS-5/16-18x1-PL,"Hex Cap Screw 5/16""-18 x 1"" Plain Steel",hex_cap_screw,Torqline,5/16,PL,18,1,EA,1,0.28,active,
HHCS-5/16-18x1-1/4-SS,"Hex Cap Screw 5/16""-18 x 1-1/4"" 18-8 Stainless",hex_cap_screw,Torqline,5/16,SS,18,1-1/4,EA,1,0.96,active,
HHCS-5/16-18x1-1/4-ZP,"Hex Cap Screw 5/16""-18 x 1-1/4"" Zinc Plated",hex_cap_screw,Torqline,5/16,ZP,18,1-1/4,EA,1,0.41,active,
HHCS-5/16-18x1-1/4-PL,"Hex Cap Screw 5/16""-18 x 1-1/4"" Plain Steel",hex_cap_screw,Torqline,5/16,PL,18,1-1/4,EA,1,0.32,active,
HHCS-5/16-18x1-1/2-SS,"Hex Cap Screw 5/16""-18 x 1-1/2"" 18-8 Stainless",hex_cap_screw,Torqline,5/16,SS,18,1-1/2,EA,1,1.12,active,
HHCS-5/16-18x1-1/2-ZP,"Hex Cap Screw 5/16""-18 x 1-1/2"" Zinc Plated",hex_cap_screw,Torqline,5/16,ZP,18,1-1/2,EA,1,0.37,active,
HHCS-5/16-18x1-1/2-PL,"Hex Cap Screw 5/16""-18 x 1-1/2"" Plain Steel",hex_cap_screw,Torqline,5/16,PL,18,1-1/2,EA,1,0.33,active,
HHCS-5/16-18x2-SS,"Hex Cap Screw 5/16""-18 x 2"" 18-8 Stainless",hex_cap_screw,Torqline,5/16,SS,18,2,EA,1,1.34,active,
HHCS-5/16-18x2-ZP,"Hex Cap Screw 5/16""-18 x 2"" Zinc Plated",hex_cap_screw,Torqline,5/16,ZP,18,2,EA,1,0.42,active,
HHCS-5/16-18x2-PL,"Hex Cap Screw 5/16""-18 x 2"" Plain Steel",hex_cap_screw,Torqline,5/16,PL,18,2,EA,1,0.43,active,
HHCS-5/16-18x2-1/2-SS,"Hex Cap Screw 5/16""-18 x 2-1/2"" 18-8 Stainless",hex_cap_screw,Torqline,5/16,SS,18,2-1/2,EA,1,1.55,active,
HHCS-5/16-18x2-1/2-ZP,"Hex Cap Screw 5/16""-18 x 2-1/2"" Zinc Plated",hex_cap_screw,Torqline,5/16,ZP,18,2-1/2,EA,1,0.53,active,
HHCS-5/16-18x2-1/2-PL,"Hex Cap Screw 5/16""-18 x 2-1/2"" Plain Steel",hex_cap_screw,Torqline,5/16,PL,18,2-1/2,EA,1,0.42,active,
HHCS-5/16-18x3-SS,"Hex Cap Screw 5/16""-18 x 3"" 18-8 Stainless",hex_cap_screw,Torqline,5/16,SS,18,3,EA,1,1.62,active,
HHCS-5/16-18x3-ZP,"Hex Cap Screw 5/16""-18 x 3""  Zinc Plated",hex_cap_screw,Torqline,5/16,ZP,18,3,EA,1,0.65,active,
HHCS-5/16-18x3-PL,"Hex Cap Screw 5/16""-18 x 3"" Plain Steel",hex_cap_screw,Torqline,5/16,PL,18,3,EA,1,0.45,active,
HHCS-3/8-16x3/4-SS,"Hex Cap Screw 3/8""-16 x 3/4"" 18-8 Stainless",hex_cap_screw,Torqline,3/8,SS,16,3/4,EA,1,0.92,active,
HHCS-3/8-16x3/4-ZP,"Hex Cap Screw 3/8""-16 x 3/4"" Zinc Plated",hex_cap_screw,Torqline,3/8,ZP,16,3/4,EA,1,0.39,active,
HHCS-3/8-16x3/4-PL,"Hex Cap Screw 3/8""-16 x 3/4"" Plain Steel",hex_cap_screw,Torqline,3/8,PL,16,3/4,EA,1,0.30,active,
HHCS-3/8-16x1-SS,"Hex Cap Screw 3/8""-16 x 1"" 18-8 Stainless",hex_cap_screw,Torqline,3/8,SS,16,1,EA,1,1.01,active,
HHCS-3/8-16x1-ZP,"Hex Cap Screw 3/8""-16 x 1"" Zinc Plated",hex_cap_screw,Torqline,3/8,ZP,16,1,EA,1,0.42,active,
HHCS-3/8-16x1-PL,"Hex Cap Screw 3/8""-16 x 1"" Plain Steel",hex_cap_screw,Torqline,3/8,PL,16,1,EA,1,0.30,active,
HHCS-3/8-16x1-1/4-SS,"Hex Cap Screw 3/8""-16 x 1-1/4"" 18-8 Stainless",hex_cap_screw,Torqline,3/8,SS,16,1-1/4,EA,1,1.08,active,
HHCS-3/8-16x1-1/4-ZP,"Hex Cap Screw 3/8""-16 x 1-1/4"" Zinc Plated",hex_cap_screw,Torqline,3/8,ZP,16,1-1/4,EA,1,0.45,active,
HHCS-3/8-16x1-1/4-PL,"Hex Cap Screw 3/8""-16 x 1-1/4"" Plain Steel",hex_cap_screw,Torqline,3/8,PL,16,1-1/4,EA,1,0.41,active,
HHCS-3/8-16x1-1/2-SS,"Hex Cap Screw 3/8""-16 x 1-1/2"" 18-8 Stainless",hex_cap_screw,Torqline,3/8,SS,16,1-1/2,EA,1,1.30,active,
HHCS-3/8-16x1-1/2-ZP,"Hex Cap Screw 3/8""-16 x 1-1/2"" Zinc Plated",hex_cap_screw,Torqline,3/8,ZP,16,1-1/2,EA,1,0.49,active,
HHCS-3/8-16x1-1/2-PL,"Hex Cap Screw 3/8""-16 x 1-1/2"" Plain Steel",hex_cap_screw,Torqline,3/8,PL,16,1-1/2,EA,1,0.41,active,
HHCS-3/8-16x2-SS,"Hex Cap Screw 3/8"" x 2"" 18-8 Stainless",hex_cap_screw,Torqline,3/8,SS,16,2,EA,1,1.31,active,
HHCS-3/8-16x2-ZP,"Hex Cap Screw 3/8""-16 x 2"" Zinc Plated",hex_cap_screw,Torqline,3/8,ZP,16,2,EA,1,0.54,active,
HHCS-3/8-16x2-PL,"Hex Cap Screw 3/8""-16 x 2"" Plain Steel",hex_cap_screw,Torqline,3/8,PL,16,2,EA,1,0.43,active,
HHCS-3/8-16x2-1/2-SS,"Hex Cap Screw 3/8""-16 x 2-1/2"" 18-8 Stainless",hex_cap_screw,Torqline,3/8,SS,16,2-1/2,EA,1,1.78,active,
HHCS-3/8-16x2-1/2-ZP,"Hex Cap Screw 3/8""-16 x 2-1/2"" Zinc Plated",hex_cap_screw,Torqline,3/8,ZP,16,2-1/2,EA,1,0.56,active,
HHCS-3/8-16x2-1/2-PL,"Hex Cap Screw 3/8""-16 x 2-1/2"" Plain Steel",hex_cap_screw,Torqline,3/8,PL,16,2-1/2,EA,1,0.57,active,
HHCS-3/8-16x3-SS,"Hex Cap Screw 3/8""-16 x 3"" 18-8 Stainless",hex_cap_screw,Torqline,3/8,SS,16,3,EA,1,1.82,active,
HHCS-3/8-16x3-ZP,"Hex Cap Screw 3/8""-16 x 3"" Zinc Plated",hex_cap_screw,Torqline,3/8,ZP,16,3,EA,1,0.75,active,
HHCS-3/8-16x3-PL,"Hex Cap Screw 3/8""-16 x 3"" Plain Steel",hex_cap_screw,Torqline,3/8,PL,16,3,EA,1,0.63,active,
HHCS-1/2-13x3/4-SS,"Hex Cap Screw 1/2""-13 x 3/4"" 18-8 Stainless",hex_cap_screw,Torqline,1/2,SS,13,3/4,EA,1,1.18,active,
HHCS-1/2-13x3/4-ZP,"Hex Cap Screw 1/2""-13 x 3/4"" Zinc Plated",hex_cap_screw,Torqline,1/2,ZP,13,3/4,EA,1,0.42,active,
HHCS-1/2-13x3/4-PL,"Hex Cap Screw 1/2""-13 x 3/4"" Plain Steel",hex_cap_screw,Torqline,1/2,PL,13,3/4,EA,1,0.40,active,
HHCS-1/2-13x1-SS,"Hex Cap Screw  1/2""-13 x 1"" 18-8 Stainless",hex_cap_screw,Torqline,1/2,SS,13,1,EA,1,1.29,active,
HHCS-1/2-13x1-ZP,"Hex Cap Screw 1/2""-13 x 1"" Zinc Plated",hex_cap_screw,Torqline,1/2,ZP,13,1,EA,1,0.50,active,
HHCS-1/2-13x1-PL,"Hex Cap Screw 1/2""-13 x 1"" Plain Steel",hex_cap_screw,Torqline,1/2,PL,13,1,EA,1,0.46,active,
HHCS-1/2-13x1-1/4-SS,"Hex Cap Screw 1/2""-13 x 1-1/4"" 18-8 Stainless",hex_cap_screw,Torqline,1/2,SS,13,1-1/4,EA,1,1.45,active,
HHCS-1/2-13x1-1/4-ZP,"Hex Cap Screw 1/2""-13X1-1/4"" Zinc Plated",hex_cap_screw,Torqline,1/2,ZP,13,1-1/4,EA,1,0.59,active,
HHCS-1/2-13x1-1/4-PL,"Hex Cap Screw 1/2""-13 x 1-1/4"" Plain Steel",hex_cap_screw,Torqline,1/2,PL,13,1-1/4,EA,1,0.42,active,
HHCS-1/2-13x1-1/2-SS,"Hex Cap Screw 1/2""-13 x 1-1/2"" 18-8 Stainless",hex_cap_screw,Torqline,1/2,SS,13,1-1/2,EA,1,1.47,active,
HHCS-1/2-13x1-1/2-ZP,"Hex Cap Screw 1/2""-13 x 1-1/2"" Zinc Plated",hex_cap_screw,Torqline,1/2,ZP,13,1-1/2,EA,1,0.63,active,
HHCS-1/2-13x1-1/2-PL,"Hex Cap Screw 1/2""-13 x 1-1/2"" Plain Steel",hex_cap_screw,Torqline,1/2,PL,13,1-1/2,EA,1,0.56,active,
HHCS-1/2-13x2-SS,"Hex Cap Screw 1/2""-13 x 2"" 18-8 Stainless",hex_cap_screw,Torqline,1/2,SS,13,2,EA,1,1.67,active,
HHCS-1/2-13x2-ZP,"Hex Cap Screw 1/2""-13 x 2"" Zinc Plated",hex_cap_screw,Torqline,1/2,ZP,13,2,EA,1,0.62,active,
HHCS-1/2-13x2-PL,"Hex Cap Screw 1/2""-13 x 2"" Plain Steel",hex_cap_screw,Torqline,1/2,PL,13,2,EA,1,0.61,active,
HHCS-1/2-13x2-1/2-SS,"Hex Cap Screw 1/2""-13 x 2-1/2"" 18-8 Stainless",hex_cap_screw,Torqline,1/2,SS,13,2-1/2,EA,1,2.15,active,
HHCS-1/2-13x2-1/2-ZP,"Hex Cap Screw 1/2""-13 x 2-1/2"" Zinc Plated",hex_cap_screw,Torqline,1/2,ZP,13,2-1/2,EA,1,0.77,active,
HHCS-1/2-13x2-1/2-PL,"Hex Cap Screw 1/2""-13 x 2-1/2"" Plain Steel",hex_cap_screw,Torqline,1/2,PL,13,2-1/2,EA,1,0.71,active,
HHCS-1/2-13x3-SS,"Hex Cap Screw 1/2""-13 x 3"" 18-8 Stainless",hex_cap_screw,Torqline,1/2,SS,13,3,EA,1,2.25,active,
HHCS-1/2-13x3-ZP,"Hex Cap Screw 1/2""-13 x 3"" Zinc Plated",hex_cap_screw,Torqline,1/2,ZP,13,3,EA,1,0.89,active,
HHCS-1/2-13x3-PL,"Hex Cap Screw 1/2""-13 x 3"" Plain Steel",hex_cap_screw,Torqline,1/2,PL,13,3,EA,1,0.73,active,
HHCS-5/8-11x3/4-SS,"Hex Cap Screw 5/8""-11 x 3/4"" 18-8 Stainless",hex_cap_screw,Torqline,5/8,SS,11,3/4,EA,1,1.55,active,
HHCS-5/8-11x3/4-ZP,Hex Cap Screw 5/8 IN-11 x 3/4 IN Zinc Plated,hex_cap_screw,Torqline,5/8,ZP,11,3/4,EA,1,0.53,active,
HHCS-5/8-11x3/4-PL,"Hex Cap Screw 5/8""-11 x 3/4"" Plain Steel",hex_cap_screw,Torqline,5/8,PL,11,3/4,EA,1,0.43,active,
HHCS-5/8-11x1-SS,"Hex Cap Screw 5/8""-11 x 1"" 18-8 Stainless",hex_cap_screw,Torqline,5/8,SS,11,1,EA,1,1.40,active,
HHCS-5/8-11x1-ZP,"Hex Cap Screw 5/8""-11 x 1"" Zinc Plated",hex_cap_screw,Torqline,5/8,ZP,11,1,EA,1,0.65,active,
HHCS-5/8-11x1-PL,"Hex Cap Screw 5/8""-11 x 1"" Plain Steel",hex_cap_screw,Torqline,5/8,PL,11,1,EA,1,0.47,active,
HHCS-5/8-11x1-1/4-SS,"Hex Cap Screw 5/8""-11 x 1-1/4"" 18-8 Stainless",hex_cap_screw,Torqline,5/8,SS,11,1-1/4,EA,1,1.92,active,
HHCS-5/8-11x1-1/4-ZP,"Hex Cap Screw 5/8""-11 x 1-1/4"" Zinc Plated",hex_cap_screw,Torqline,5/8,ZP,11,1-1/4,EA,1,0.70,active,
HHCS-5/8-11x1-1/4-PL,"Hex Cap Screw 5/8""-11 x 1-1/4"" Plain Steel",hex_cap_screw,Torqline,5/8,PL,11,1-1/4,EA,1,0.61,active,
HHCS-5/8-11x1-1/2-SS,"Hex Cap Screw 5/8""-11 x 1-1/2"" 18-8 Stainless",hex_cap_screw,Torqline,5/8,SS,11,1-1/2,EA,1,1.76,active,
HHCS-5/8-11x1-1/2-ZP,"Hex Cap Screw 5/8""-11 x 1-1/2"" Zinc Plated",hex_cap_screw,Torqline,5/8,ZP,11,1-1/2,EA,1,0.74,active,
HHCS-5/8-11x1-1/2-PL,"Hex Cap Screw 5/8""-11 x 1-1/2"" Plain Steel",hex_cap_screw,Torqline,5/8,PL,11,1-1/2,EA,1,0.56,active,
HHCS-5/8-11x2-SS,"Hex Cap Screw 5/8""-11 x 2"" 18-8 Stainless",hex_cap_screw,Torqline,5/8,SS,11,2,EA,1,2.26,active,
HHCS-5/8-11x2-ZP,"Hex Cap Screw 5/8""-11 x 2"" Zinc Plated",hex_cap_screw,Torqline,5/8,ZP,11,2,EA,1,0.83,active,
HHCS-5/8-11x2-PL,"Hex Cap Screw 5/8""-11 x 2"" Plain Steel",hex_cap_screw,Torqline,5/8,PL,11,2,EA,1,0.64,active,
HHCS-5/8-11x2-1/2-SS,Hex Cap Screw 5/8 IN-11 x 2-1/2 IN 18-8 Stainless,hex_cap_screw,Torqline,5/8,SS,11,2-1/2,EA,1,2.44,active,
HHCS-5/8-11x2-1/2-ZP,"Hex Cap Screw 5/8""-11 x 2-1/2"" Zinc Plated",hex_cap_screw,Torqline,5/8,ZP,11,2-1/2,EA,1,1.00,active,
HHCS-5/8-11x2-1/2-PL,"Hex Cap Screw 5/8""-11 x 2-1/2"" Plain Steel",hex_cap_screw,Torqline,5/8,PL,11,2-1/2,EA,1,0.81,active,
HHCS-5/8-11x3-SS,"Hex Cap Screw 5/8""-11 x 3"" 18-8 Stainless",hex_cap_screw,Torqline,5/8,SS,11,3,EA,1,2.48,active,
HHCS-5/8-11x3-ZP,"Hex Cap Screw 5/8""-11 x 3"" Zinc Plated",hex_cap_screw,Torqline,5/8,ZP,11,3,EA,1,1.03,active,
HHCS-5/8-11x3-PL,"Hex Cap Screw 5/8""-11 x 3"" Plain Steel",hex_cap_screw,Torqline,5/8,PL,11,3,EA,1,0.98,active,
HHCS-3/4-10x3/4-SS,"Hex Cap Screw 3/4""-10 x 3/4"" 18-8 Stainless",hex_cap_screw,Torqline,3/4,SS,10,3/4,EA,1,1.87,active,
HHCS-3/4-10x3/4-ZP,"Hex Cap Screw 3/4""-10 x 3/4"" Zinc Plated",hex_cap_screw,Torqline,3/4,ZP,10,3/4,EA,1,0.72,active,
HHCS-3/4-10x3/4-PL,"Hex Cap Screw 3/4""-10X3/4"" Plain Steel",hex_cap_screw,Torqline,3/4,PL,10,3/4,EA,1,0.54,active,
HHCS-3/4-10x1-SS,"Hex Cap Screw 3/4""-10 x 1"" 18-8 Stainless",hex_cap_screw,Torqline,3/4,SS,10,1,EA,1,1.90,active,
HHCS-3/4-10x1-ZP,"Hex Cap Screw 3/4""-10 x 1"" Zinc Plated",hex_cap_screw,Torqline,3/4,ZP,10,1,EA,1,0.67,active,
HHCS-3/4-10x1-PL,"Hex Cap Screw 3/4""-10 x 1"" Plain Steel",hex_cap_screw,Torqline,3/4,PL,10,1,EA,1,0.57,active,
HHCS-3/4-10x1-1/4-SS,"Hex Cap Screw 3/4"" x 1-1/4"" 18-8 Stainless",hex_cap_screw,Torqline,3/4,SS,10,1-1/4,EA,1,1.85,active,
HHCS-3/4-10x1-1/4-ZP,"Hex Cap Screw 3/4""-10 x 1-1/4"" Zinc Plated",hex_cap_screw,Torqline,3/4,ZP,10,1-1/4,EA,1,0.78,active,
HHCS-3/4-10x1-1/4-PL,"Hex Cap Screw 3/4""-10 x 1-1/4"" Plain Steel",hex_cap_screw,Torqline,3/4,PL,10,1-1/4,EA,1,0.69,active,
HHCS-3/4-10x1-1/2-SS,"HEX CAP SCREW 3/4""-10 X 1-1/2"" 18-8 STAINLESS",hex_cap_screw,Torqline,3/4,SS,10,1-1/2,EA,1,2.28,active,
HHCS-3/4-10x1-1/2-ZP,"Hex Cap Screw 3/4""-10 x 1-1/2"" Zinc Plated",hex_cap_screw,Torqline,3/4,ZP,10,1-1/2,EA,1,0.77,active,
HHCS-3/4-10x1-1/2-PL,"Hex Cap Screw 3/4""-10 x 1-1/2"" Plain Steel",hex_cap_screw,Torqline,3/4,PL,10,1-1/2,EA,1,0.76,active,
HHCS-3/4-10x2-SS,"Hex Cap Screw 3/4""-10 x 2"" 18-8 Stainless",hex_cap_screw,Torqline,3/4,SS,10,2,EA,1,2.44,active,
HHCS-3/4-10x2-ZP,"Hex Cap Screw 3/4""-10 x 2"" Zinc Plated",hex_cap_screw,Torqline,3/4,ZP,10,2,EA,1,1.02,active,
HHCS-3/4-10x2-PL,"Hex Cap Screw 3/4""-10 x 2"" Plain Steel",hex_cap_screw,Torqline,3/4,PL,10,2,EA,1,0.85,active,
HHCS-3/4-10x2-1/2-SS,"Hex Cap Screw 3/4""-10 x 2-1/2"" 18-8 Stainless",hex_cap_screw,Torqline,3/4,SS,10,2-1/2,EA,1,2.94,active,
HHCS-3/4-10x2-1/2-ZP,"Hex Cap Screw 3/4""-10 x 2-1/2"" Zinc Plated",hex_cap_screw,Torqline,3/4,ZP,10,2-1/2,EA,1,0.99,active,
HHCS-3/4-10x2-1/2-PL,"Hex Cap Screw 3/4""-10 x 2-1/2"" Plain Steel",hex_cap_screw,Torqline,3/4,PL,10,2-1/2,EA,1,1.04,active,
HHCS-3/4-10x3-SS,"Hex Cap Screw 3/4""-10 x 3"" 18-8 Stainless",hex_cap_screw,Torqline,3/4,SS,10,3,EA,1,3.52,active,
HHCS-3/4-10x3-ZP,"Hex Cap Screw 3/4""-10 x 3"" Zinc Plated",hex_cap_screw,Torqline,3/4,ZP,10,3,EA,1,1.11,active,
HHCS-3/4-10x3-PL,"Hex Cap Screw 3/4""-10 x 3"" Plain Steel",hex_cap_screw,Torqline,3/4,PL,10,3,EA,1,1.08,active,
HHCS-1/2-13x4-ZP,"Hex Cap Screw 1/2""-13 x 4"" Zinc Plated",hex_cap_screw,Torqline,1/2,ZP,13,4,EA,1,1.23,active,
HHCS-1/2-13x4-SS,"Hex Cap Screw 1/2""-13 x 4"" 18-8 Stainless",hex_cap_screw,Torqline,1/2,SS,13,4,EA,1,3.06,active,
HHCS-3/8-16x4-ZP,"Hex Cap Screw 3/8""-16 x 4"" Zinc Plated",hex_cap_screw,Torqline,3/8,ZP,16,4,EA,1,1.01,active,
HHCS-3/4-10x5-PL,"Hex Cap Screw 3/4""-10 x 5"" Plain Steel",hex_cap_screw,Torqline,3/4,PL,10,5,EA,1,1.52,active,
HHCS-1/4-20x1/2-ZP,"Hex Cap Screw 1/4""-20 x 1/2"" Zinc Plated",hex_cap_screw,Torqline,1/4,ZP,20,1/2,EA,1,0.29,active,
HHCS-1/4-20x1/2-SS,"Hex Cap Screw 1/4""-20 x 1/2"" 18-8 Stainless",hex_cap_screw,Torqline,1/4,SS,20,1/2,EA,1,0.71,active,
HB-M10-1.5x25-8.8,Hex Bolt M10-1.5 x 25mm Class 8.8 Zinc DIN 931,hex_bolt_metric,Torqline,M10,8.8,1.5,25,EA,1,0.30,active,
HB-M10-1.5x25-A2,Hex Bolt M10-1.5 x 25mm A2 Stainless DIN 931,hex_bolt_metric,Torqline,M10,A2,1.5,25,EA,1,0.61,active,
HB-M10-1.5x40-8.8,Hex Bolt M10-1.5 x 40mm Class 8.8 Zinc DIN 931,hex_bolt_metric,Torqline,M10,8.8,1.5,40,EA,1,0.37,active,
HB-M10-1.5x40-A2,Hex Bolt M10-1.5 x 40mm A2 Stainless DIN 931,hex_bolt_metric,Torqline,M10,A2,1.5,40,EA,1,0.94,active,
HB-M10-1.5x50-8.8,Hex Bolt M10-1.5 x 50mm Class 8.8 Zinc DIN 931,hex_bolt_metric,Torqline,M10,8.8,1.5,50,EA,1,0.44,active,
HB-M10-1.5x50-A2,Hex Bolt M10-1.5 x 50mm A2 Stainless DIN 931,hex_bolt_metric,Torqline,M10,A2,1.5,50,EA,1,0.89,active,
HB-M10-1.5x60-8.8,Hex Bolt M10-1.5 x 60mm Class 8.8 Zinc DIN 931,hex_bolt_metric,Torqline,M10,8.8,1.5,60,EA,1,0.47,active,
HB-M10-1.5x60-A2,Hex Bolt M10-1.5 x 60mm A2 Stainless DIN 931,hex_bolt_metric,Torqline,M10,A2,1.5,60,EA,1,1.13,active,
HB-M12-1.75x25-8.8,Hex Bolt M12-1.75 x 25mm Class 8.8 Zinc DIN 931,hex_bolt_metric,Torqline,M12,8.8,1.75,25,EA,1,0.32,active,
HB-M12-1.75x25-A2,Hex Bolt M12-1.75 x 25mm A2 Stainless DIN 931,hex_bolt_metric,Torqline,M12,A2,1.75,25,EA,1,0.91,active,
HB-M12-1.75x40-8.8,Hex Bolt M12-1.75X40mm Class 8.8 Zinc DIN 931,hex_bolt_metric,Torqline,M12,8.8,1.75,40,EA,1,0.50,active,
HB-M12-1.75x40-A2,Hex Bolt M12-1.75 x 40mm A2 Stainless DIN 931,hex_bolt_metric,Torqline,M12,A2,1.75,40,EA,1,1.23,active,
HB-M12-1.75x50-8.8,Hex Bolt M12-1.75X50mm Class 8.8 Zinc DIN 931,hex_bolt_metric,Torqline,M12,8.8,1.75,50,EA,1,0.56,active,
HB-M12-1.75x50-A2,Hex Bolt M12-1.75 x 50mm A2 Stainless DIN 931,hex_bolt_metric,Torqline,M12,A2,1.75,50,EA,1,1.23,active,
HB-M12-1.75x60-8.8,Hex Bolt M12-1.75 x 60mm Class 8.8 Zinc DIN 931,hex_bolt_metric,Torqline,M12,8.8,1.75,60,EA,1,0.60,active,
HB-M12-1.75x60-A2,Hex Bolt M12-1.75 x 60mm A2 Stainless DIN  931,hex_bolt_metric,Torqline,M12,A2,1.75,60,EA,1,1.48,active,
HB-M16-2.0x25-8.8,Hex Bolt M16-2.0 x 25mm Class 8.8  Zinc DIN 931,hex_bolt_metric,Torqline,M16,8.8,2.0,25,EA,1,0.49,active,
HB-M16-2.0x25-A2,Hex Bolt M16-2.0 x 25mm A2 Stainless DIN 931,hex_bolt_metric,Torqline,M16,A2,2.0,25,EA,1,1.36,active,
HB-M16-2.0x40-8.8,Hex Bolt M16-2.0 x 40mm Class 8.8 Zinc DIN 931,hex_bolt_metric,Torqline,M16,8.8,2.0,40,EA,1,0.75,active,
HB-M16-2.0x40-A2,Hex Bolt M16-2.0 x 40mm A2 Stainless DIN  931,hex_bolt_metric,Torqline,M16,A2,2.0,40,EA,1,1.60,active,
HB-M16-2.0x50-8.8,Hex Bolt M16-2.0 x 50mm Class 8.8 Zinc DIN 931,hex_bolt_metric,Torqline,M16,8.8,2.0,50,EA,1,0.87,active,
HB-M16-2.0x50-A2,Hex Bolt M16-2.0  x 50mm A2 Stainless DIN 931,hex_bolt_metric,Torqline,M16,A2,2.0,50,EA,1,1.75,active,
HB-M16-2.0x60-8.8,Hex Bolt M16-2.0 x 60mm Class 8.8 Zinc DIN 931,hex_bolt_metric,Torqline,M16,8.8,2.0,60,EA,1,0.97,active,
HB-M16-2.0x60-A2,Hex Bolt M16-2.0X60mm A2 Stainless DIN 931,hex_bolt_metric,Torqline,M16,A2,2.0,60,EA,1,2.41,active,
HN-1/4-20-ZP,"Hex Nut 1/4""-20 Zinc Plated (Box of 100)",hex_nut,Torqline,1/4,ZP,20,,BX,100,6.96,active,
FW-1/4-ZP,"Flat Washer 1/4"" Zinc Plated USS (Box of 100)",flat_washer,Torqline,1/4,ZP,,,BX,100,3.99,active,
LW-1/4-ZP,"Split Lock Washer 1/4"" Zinc Plated (Box of 100)",lock_washer,Torqline,1/4,ZP,,,BX,100,4.63,active,
HN-1/4-20-SS,"HEX NUT 1/4""-20 18-8 STAINLESS (BOX OF 100)",hex_nut,Torqline,1/4,SS,20,,BX,100,18.01,active,
FW-1/4-SS,"Flat Washer 1/4"" 18-8 Stainless USS (Box of 100)",flat_washer,Torqline,1/4,SS,,,BX,100,12.12,active,
LW-1/4-SS,"Split Lock Washer 1/4"" 18-8 Stainless (Box of 100)",lock_washer,Torqline,1/4,SS,,,BX,100,13.59,active,
NL-1/4-20-ZP,"Nylon Insert Lock Nut 1/4""-20 Zinc Plated (Box of 100)",hex_nut,Torqline,1/4,ZP,20,,BX,100,9.45,active,
HN-5/16-18-ZP,"Hex Nut 5/16""-18 Zinc Plated (Box of 100)",hex_nut,Torqline,5/16,ZP,18,,BX,100,7.37,active,
FW-5/16-ZP,"Flat Washer 5/16"" Zinc Plated USS (Box of 100)",flat_washer,Torqline,5/16,ZP,,,BX,100,5.11,active,
LW-5/16-ZP,"Split Lock Washer 5/16"" Zinc Plated (Box of 100)",lock_washer,Torqline,5/16,ZP,,,BX,100,5.33,active,
HN-5/16-18-SS,"Hex Nut 5/16""-18 18-8 Stainless (Box of 100)",hex_nut,Torqline,5/16,SS,18,,BX,100,19.74,active,
FW-5/16-SS,"Flat Washer 5/16"" 18-8 Stainless USS (Box of 100)",flat_washer,Torqline,5/16,SS,,,BX,100,12.36,active,
LW-5/16-SS,"Split Lock Washer 5/16"" 18-8 Stainless (Box of 100)",lock_washer,Torqline,5/16,SS,,,BX,100,13.16,active,
NL-5/16-18-ZP,"Nylon Insert Lock Nut 5/16""-18 Zinc Plated (Box of 100)",hex_nut,Torqline,5/16,ZP,18,,BX,100,11.31,active,
HN-3/8-16-ZP,"Hex Nut 3/8""-16 Zinc Plated (Box of 100)",hex_nut,Torqline,3/8,ZP,16,,BX,100,7.44,active,
FW-3/8-ZP,"Flat Washer 3/8"" Zinc Plated USS (Box of 100)",flat_washer,Torqline,3/8,ZP,,,BX,100,5.52,active,
LW-3/8-ZP,"Split Lock Washer 3/8"" Zinc Plated (Box of 100)",lock_washer,Torqline,3/8,ZP,,,BX,100,6.08,active,
HN-3/8-16-SS,"Hex Nut 3/8""-16 18-8 Stainless (Box of 100)",hex_nut,Torqline,3/8,SS,16,,BX,100,19.43,active,
FW-3/8-SS,"Flat Washer 3/8"" 18-8 Stainless USS (Box of 100)",flat_washer,Torqline,3/8,SS,,,BX,100,13.49,active,
LW-3/8-SS,"Split Lock Washer 3/8"" 18-8 Stainless (Box of 100)",lock_washer,Torqline,3/8,SS,,,BX,100,14.41,active,
NL-3/8-16-ZP,"Nylon Insert Lock Nut 3/8""-16 Zinc Plated (Box of 100)",hex_nut,Torqline,3/8,ZP,16,,BX,100,10.89,active,
HN-1/2-13-ZP,"Hex Nut 1/2""-13 Zinc Plated (Box of 100)  ",hex_nut,Torqline,1/2,ZP,13,,BX,100,10.41,active,
FW-1/2-ZP,"Flat Washer 1/2"" Zinc Plated USS (Box of 100)",flat_washer,Torqline,1/2,ZP,,,BX,100,5.75,active,
LW-1/2-ZP,"Split Lock Washer 1/2"" Zinc Plated (Box of 100)",lock_washer,Torqline,1/2,ZP,,,BX,100,7.75,active,
HN-1/2-13-SS,"HEX NUT 1/2""-13 18-8 STAINLESS (BOX OF 100)",hex_nut,Torqline,1/2,SS,13,,BX,100,24.56,active,
FW-1/2-SS,"Flat Washer 1/2"" 18-8 Stainless USS (Box of 100)",flat_washer,Torqline,1/2,SS,,,BX,100,17.28,active,
LW-1/2-SS,"Split Lock Washer 1/2"" 18-8 Stainless (Box of 100)",lock_washer,Torqline,1/2,SS,,,BX,100,17.98,active,
NL-1/2-13-ZP,"Nylon Insert Lock Nut 1/2""-13 Zinc Plated (Box of 100)",hex_nut,Torqline,1/2,ZP,13,,BX,100,15.00,active,
HN-5/8-11-ZP,"Hex Nut 5/8""-11 Zinc Plated (Box of 100)",hex_nut,Torqline,5/8,ZP,11,,BX,100,11.92,active,
FW-5/8-ZP,"Flat Washer 5/8"" Zinc Plated USS (Box of 100)",flat_washer,Torqline,5/8,ZP,,,BX,100,7.02,active,
LW-5/8-ZP,"Split Lock Washer 5/8"" Zinc Plated (Box of 100)",lock_washer,Torqline,5/8,ZP,,,BX,100,7.90,active,
HN-5/8-11-SS,"Hex Nut 5/8""-11 18-8 Stainless (Box of 100)  ",hex_nut,Torqline,5/8,SS,11,,BX,100,29.03,active,
FW-5/8-SS,"Flat Washer 5/8"" 18-8 Stainless USS (Box of 100)",flat_washer,Torqline,5/8,SS,,,BX,100,19.76,active,
LW-5/8-SS,"Split Lock Washer 5/8"" 18-8 Stainless (Box of 100)",lock_washer,Torqline,5/8,SS,,,BX,100,24.75,active,
NL-5/8-11-ZP,"Nylon Insert Lock Nut 5/8""-11 Zinc Plated (Box of 100)",hex_nut,Torqline,5/8,ZP,11,,BX,100,17.86,active,
HN-3/4-10-ZP,"Hex Nut 3/4""-10 Zinc Plated (Box of 100)",hex_nut,Torqline,3/4,ZP,10,,BX,100,13.85,active,
FW-3/4-ZP,"Flat Washer 3/4"" Zinc Plated USS (Box of 100)",flat_washer,Torqline,3/4,ZP,,,BX,100,8.86,active,
LW-3/4-ZP,"Split Lock Washer 3/4"" Zinc Plated (Box of 100)",lock_washer,Torqline,3/4,ZP,,,BX,100,10.03,active,
HN-3/4-10-SS,"Hex Nut 3/4""-10 18-8 Stainless (Box of 100)",hex_nut,Torqline,3/4,SS,10,,BX,100,37.41,active,
FW-3/4-SS,"Flat Washer 3/4"" 18-8 Stainless USS (Box of 100)",flat_washer,Torqline,3/4,SS,,,BX,100,20.12,active,
LW-3/4-SS,"Split Lock Washer 3/4"" 18-8 Stainless (Box of 100)",lock_washer,Torqline,3/4,SS,,,BX,100,25.10,active,
NL-3/4-10-ZP,"Nylon Insert Lock Nut 3/4""-10 Zinc Plated (Box of 100)",hex_nut,Torqline,3/4,ZP,10,,BX,100,18.81,active,
HN-M10-1.5-8.8,Hex Nut M10-1.5 Class 8 Zinc DIN 934 (Box of 100),hex_nut,Torqline,M10,8.8,1.5,,BX,100,10.27,active,
FW-M10-A2,Flat Washer M10 A2 Stainless DIN 125 (Box of 100),flat_washer,Torqline,M10,A2,,,BX,100,16.08,active,
HN-M12-1.75-8.8,Hex Nut M12-1.75 Class 8 Zinc DIN 934 (Box of 100),hex_nut,Torqline,M12,8.8,1.75,,BX,100,13.01,active,
FW-M12-A2,FLAT WASHER M12 A2 STAINLESS DIN 125 (BOX OF 100),flat_washer,Torqline,M12,A2,,,BX,100,19.68,active,
HN-M16-2.0-8.8,Hex Nut M16-2.0 Class 8 Zinc DIN 934 (Box of 100),hex_nut,Torqline,M16,8.8,2.0,,BX,100,17.93,active,
FW-M16-A2,Flat Washer M16 A2 Stainless DIN 125 (Box of 100),flat_washer,Torqline,M16,A2,,,BX,100,25.25,active,
EL90-3/8-BR,"3/8"" 90 Elbow Brass NPT 150#",pipe_fitting,Valvex,3/8,BR,NPT,,EA,1,2.19,active,
EL90-3/8-BI,"3/8"" 90 Elbow Black Iron NPT 150#  ",pipe_fitting,Valvex,3/8,BI,NPT,,EA,1,1.01,active,
EL90-3/8-SS,"3/8"" 90 Elbow 316 Stainless NPT 150#",pipe_fitting,Valvex,3/8,SS,NPT,,EA,1,6.34,active,
EL90-1/2-BR,"1/2"" 90 Elbow Brass NPT 150#",pipe_fitting,Valvex,1/2,BR,NPT,,EA,1,2.37,active,
EL90-1/2-BI,"1/2"" 90 Elbow Black Iron NPT 150#",pipe_fitting,Valvex,1/2,BI,NPT,,EA,1,1.05,active,
EL90-1/2-SS,"1/2"" 90 Elbow 316 Stainless NPT 150#  ",pipe_fitting,Valvex,1/2,SS,NPT,,EA,1,7.82,active,
EL90-3/4-BR,"3/4"" 90 Elbow Brass NPT 150#",pipe_fitting,Valvex,3/4,BR,NPT,,EA,1,3.53,active,
EL90-3/4-BI,"3/4"" 90 Elbow Black Iron NPT 150#",pipe_fitting,Valvex,3/4,BI,NPT,,EA,1,1.74,active,
EL90-3/4-SS,"3/4"" 90 Elbow 316 Stainless NPT 150#",pipe_fitting,Valvex,3/4,SS,NPT,,EA,1,9.78,active,
EL90-1-BR,"1"" 90 Elbow Brass NPT 150#",pipe_fitting,Valvex,1,BR,NPT,,EA,1,5.57,active,
EL90-1-BI,"1"" 90 Elbow Black Iron NPT 150#",pipe_fitting,Valvex,1,BI,NPT,,EA,1,2.41,active,
EL90-1-SS,"1"" 90 Elbow 316 Stainless NPT 150#",pipe_fitting,Valvex,1,SS,NPT,,EA,1,14.35,active,
EL90-1-1/4-BR,"1-1/4"" 90 Elbow Brass NPT 150#  ",pipe_fitting,Valvex,1-1/4,BR,NPT,,EA,1,7.21,active,
EL90-1-1/4-BI,"1-1/4"" 90 Elbow Black Iron NPT 150#",pipe_fitting,Valvex,1-1/4,BI,NPT,,EA,1,3.35,active,
EL90-1-1/4-SS,"1-1/4"" 90 ELBOW 316 STAINLESS NPT 150#",pipe_fitting,Valvex,1-1/4,SS,NPT,,EA,1,20.89,active,
EL90-1-1/2-BR,"1-1/2"" 90 Elbow Brass NPT 150#",pipe_fitting,Valvex,1-1/2,BR,NPT,,EA,1,9.02,active,
EL90-1-1/2-BI,"1-1/2"" 90 Elbow Black Iron NPT 150#",pipe_fitting,Valvex,1-1/2,BI,NPT,,EA,1,3.54,active,
EL90-1-1/2-SS,"1-1/2"" 90 Elbow 316 Stainless NPT 150#",pipe_fitting,Valvex,1-1/2,SS,NPT,,EA,1,24.37,active,
EL90-2-BR,"2"" 90 Elbow Brass NPT 150#",pipe_fitting,Valvex,2,BR,NPT,,EA,1,13.44,active,
EL90-2-BI,"2"" 90 Elbow Black Iron NPT 150#",pipe_fitting,Valvex,2,BI,NPT,,EA,1,6.23,active,
EL90-2-SS,"2"" 90 Elbow 316 Stainless NPT 150#",pipe_fitting,Valvex,2,SS,NPT,,EA,1,38.91,active,
TEE-3/8-BR,"3/8"" Tee Brass NPT 150#",pipe_fitting,Valvex,3/8,BR,NPT,,EA,1,2.72,active,
TEE-3/8-BI,"3/8"" Tee Black Iron NPT 150#",pipe_fitting,Valvex,3/8,BI,NPT,,EA,1,1.28,active,
TEE-3/8-SS,"3/8"" Tee 316 Stainless NPT 150#",pipe_fitting,Valvex,3/8,SS,NPT,,EA,1,7.31,active,
TEE-1/2-BR,"1/2"" Tee Brass NPT 150#",pipe_fitting,Valvex,1/2,BR,NPT,,EA,1,3.74,active,
TEE-1/2-BI,"1/2"" Tee Black Iron NPT 150#",pipe_fitting,Valvex,1/2,BI,NPT,,EA,1,1.56,active,
TEE-1/2-SS,"1/2"" Tee 316 Stainless NPT 150#",pipe_fitting,Valvex,1/2,SS,NPT,,EA,1,10.73,active,
TEE-3/4-BR,"3/4"" Tee Brass NPT 150#",pipe_fitting,Valvex,3/4,BR,NPT,,EA,1,4.84,active,
TEE-3/4-BI,"3/4"" Tee Black Iron NPT 150#",pipe_fitting,Valvex,3/4,BI,NPT,,EA,1,2.53,active,
TEE-3/4-SS,"3/4"" Tee 316 Stainless NPT 150#",pipe_fitting,Valvex,3/4,SS,NPT,,EA,1,15.92,active,
TEE-1-BR,"1"" Tee Brass NPT 150#",pipe_fitting,Valvex,1,BR,NPT,,EA,1,6.41,active,
TEE-1-BI,"1"" Tee Black Iron  NPT 150#",pipe_fitting,Valvex,1,BI,NPT,,EA,1,3.47,active,
TEE-1-SS,"1"" Tee  316 Stainless NPT 150#",pipe_fitting,Valvex,1,SS,NPT,,EA,1,19.41,active,
TEE-1-1/4-BR,"1-1/4"" Tee Brass NPT 150#",pipe_fitting,Valvex,1-1/4,BR,NPT,,EA,1,9.22,active,
TEE-1-1/4-BI,"1-1/4"" Tee Black Iron NPT 150#",pipe_fitting,Valvex,1-1/4,BI,NPT,,EA,1,4.49,active,
TEE-1-1/4-SS,"1-1/4"" Tee 316 Stainless NPT 150#",pipe_fitting,Valvex,1-1/4,SS,NPT,,EA,1,28.84,active,
TEE-1-1/2-BR,"1-1/2"" Tee Brass NPT 150#",pipe_fitting,Valvex,1-1/2,BR,NPT,,EA,1,10.96,active,
TEE-1-1/2-BI,"1-1/2"" Tee Black Iron NPT 150#",pipe_fitting,Valvex,1-1/2,BI,NPT,,EA,1,5.20,active,
TEE-1-1/2-SS,"1-1/2"" Tee 316 Stainless NPT 150#",pipe_fitting,Valvex,1-1/2,SS,NPT,,EA,1,33.54,active,
TEE-2-BR,"2"" Tee Brass NPT 150#",pipe_fitting,Valvex,2,BR,NPT,,EA,1,19.27,active,
TEE-2-BI,"2"" Tee Black Iron NPT 150#",pipe_fitting,Valvex,2,BI,NPT,,EA,1,8.08,active,
TEE-2-SS,"2"" Tee 316 Stainless NPT 150#",pipe_fitting,Valvex,2,SS,NPT,,EA,1,55.08,active,
CPL-3/8-BR,"3/8"" Coupling Brass NPT 150#",pipe_fitting,Valvex,3/8,BR,NPT,,EA,1,1.71,active,
CPL-3/8-BI,"3/8"" Coupling Black Iron NPT 150#",pipe_fitting,Valvex,3/8,BI,NPT,,EA,1,0.64,active,
CPL-3/8-SS,"3/8"" Coupling 316 Stainless NPT 150#",pipe_fitting,Valvex,3/8,SS,NPT,,EA,1,4.82,active,
CPL-1/2-BR,"1/2"" Coupling Brass NPT 150#",pipe_fitting,Valvex,1/2,BR,NPT,,EA,1,1.83,active,
CPL-1/2-BI,"1/2"" Coupling Black Iron NPT 150#",pipe_fitting,Valvex,1/2,BI,NPT,,EA,1,0.91,active,
CPL-1/2-SS,"1/2"" Coupling 316 Stainless NPT 150#",pipe_fitting,Valvex,1/2,SS,NPT,,EA,1,5.48,active,
CPL-3/4-BR,"3/4"" Coupling Brass NPT 150#",pipe_fitting,Valvex,3/4,BR,NPT,,EA,1,2.96,active,
CPL-3/4-BI,"3/4"" Coupling Black Iron NPT 150#",pipe_fitting,Valvex,3/4,BI,NPT,,EA,1,1.24,active,
CPL-3/4-SS,"3/4"" Coupling 316 Stainless NPT 150#",pipe_fitting,Valvex,3/4,SS,NPT,,EA,1,8.99,active,
CPL-1-BR,"1"" Coupling Brass NPT 150#",pipe_fitting,Valvex,1,BR,NPT,,EA,1,4.48,active,
CPL-1-BI,"1"" Coupling Black Iron NPT 150#",pipe_fitting,Valvex,1,BI,NPT,,EA,1,2.01,active,
CPL-1-SS,"1"" Coupling 316 Stainless NPT 150#",pipe_fitting,Valvex,1,SS,NPT,,EA,1,12.50,active,
CPL-1-1/4-BR,"1-1/4"" Coupling Brass NPT 150#",pipe_fitting,Valvex,1-1/4,BR,NPT,,EA,1,5.81,active,
CPL-1-1/4-BI,"1-1/4"" Coupling Black Iron NPT 150#",pipe_fitting,Valvex,1-1/4,BI,NPT,,EA,1,2.26,active,
CPL-1-1/4-SS,"1-1/4"" Coupling 316 Stainless NPT 150#",pipe_fitting,Valvex,1-1/4,SS,NPT,,EA,1,16.05,active,
CPL-1-1/2-BR,"1-1/2"" Coupling Brass NPT 150#",pipe_fitting,Valvex,1-1/2,BR,NPT,,EA,1,7.03,active,
CPL-1-1/2-BI,"1-1/2"" Coupling Black Iron NPT 150#",pipe_fitting,Valvex,1-1/2,BI,NPT,,EA,1,3.13,active,
CPL-1-1/2-SS,"1-1/2"" Coupling 316 Stainless NPT 150#",pipe_fitting,Valvex,1-1/2,SS,NPT,,EA,1,17.68,active,
CPL-2-BR,"2"" Coupling Brass NPT 150#",pipe_fitting,Valvex,2,BR,NPT,,EA,1,11.06,active,
CPL-2-BI,"2"" Coupling Black Iron NPT 150#",pipe_fitting,Valvex,2,BI,NPT,,EA,1,4.25,active,
CPL-2-SS,"2"" Coupling 316 Stainless NPT 150#",pipe_fitting,Valvex,2,SS,NPT,,EA,1,29.21,active,
EL45-1/2-BR,"1/2"" 45 Elbow Brass NPT",pipe_fitting,Valvex,1/2,BR,NPT,,EA,1,2.46,active,
EL45-1/2-BI,"1/2"" 45 Elbow Black Iron NPT",pipe_fitting,Valvex,1/2,BI,NPT,,EA,1,1.28,active,
EL45-3/4-BR,"3/4"" 45 Elbow Brass NPT",pipe_fitting,Valvex,3/4,BR,NPT,,EA,1,4.23,active,
EL45-3/4-BI,"3/4"" 45 Elbow Black Iron NPT",pipe_fitting,Valvex,3/4,BI,NPT,,EA,1,1.85,active,
EL45-1-BR,"1"" 45 Elbow Brass NPT",pipe_fitting,Valvex,1,BR,NPT,,EA,1,5.20,active,
EL45-1-BI,"1"" 45 Elbow Black Iron NPT",pipe_fitting,Valvex,1,BI,NPT,,EA,1,2.12,active,
CAP-3/8-BI,"3/8"" Pipe Cap Black Iron NPT",pipe_fitting,Valvex,3/8,BI,NPT,,EA,1,1.03,active,
CAP-1/2-BI,"1/2"" Pipe Cap Black Iron NPT",pipe_fitting,Valvex,1/2,BI,NPT,,EA,1,1.28,active,
CAP-3/4-BI,3/4 IN Pipe Cap Black Iron NPT,pipe_fitting,Valvex,3/4,BI,NPT,,EA,1,1.69,active,
CAP-1-BI,"1"" Pipe Cap Black Iron NPT",pipe_fitting,Valvex,1,BI,NPT,,EA,1,1.87,active,
CAP-1-1/4-BI,"1-1/4"" Pipe Cap Black Iron NPT",pipe_fitting,Valvex,1-1/4,BI,NPT,,EA,1,2.46,active,
CAP-1-1/2-BI,"1-1/2"" Pipe Cap Black Iron NPT",pipe_fitting,Valvex,1-1/2,BI,NPT,,EA,1,2.45,active,
CAP-2-BI,"2"" Pipe Cap Black Iron NPT",pipe_fitting,Valvex,2,BI,NPT,,EA,1,3.54,active,
NIP-1/4-CL-BR,"1/4"" Close Nipple Brass Sch 40  ",pipe_fitting,Valvex,1/4,BR,NPT,close,EA,1,1.08,active,
NIP-1/4-CL-BI,"1/4"" Close Nipple Black Iron Sch 40",pipe_fitting,Valvex,1/4,BI,NPT,close,EA,1,0.46,active,
NIP-3/8-CL-BR,"3/8"" Close Nipple Brass Sch 40",pipe_fitting,Valvex,3/8,BR,NPT,close,EA,1,1.29,active,
NIP-3/8-CL-BI,"3/8"" Close Nipple Black Iron Sch 40",pipe_fitting,Valvex,3/8,BI,NPT,close,EA,1,0.57,active,
NIP-1/2-CL-BR,"1/2"" Close Nipple Brass Sch 40",pipe_fitting,Valvex,1/2,BR,NPT,close,EA,1,1.61,active,
NIP-1/2-CL-BI,"1/2"" Close Nipple Black Iron Sch 40",pipe_fitting,Valvex,1/2,BI,NPT,close,EA,1,0.79,active,
NIP-3/4-CL-BR,"3/4"" Close Nipple Brass Sch 40",pipe_fitting,Valvex,3/4,BR,NPT,close,EA,1,1.88,active,
NIP-3/4-CL-BI,"3/4"" Close Nipple Black Iron Sch 40",pipe_fitting,Valvex,3/4,BI,NPT,close,EA,1,0.93,active,
NIP-1-CL-BR,"1"" Close Nipple Brass Sch 40",pipe_fitting,Valvex,1,BR,NPT,close,EA,1,2.53,active,
NIP-1-CL-BI,1 IN Close Nipple Black Iron Sch 40,pipe_fitting,Valvex,1,BI,NPT,close,EA,1,1.29,active,
BUSH-3/4x1/2-BR,"Hex Bushing 3/4"" x 1/2"" Brass NPT",pipe_fitting,Valvex,3/4x1/2,BR,NPT,,EA,1,2.82,active,
BUSH-3/4x1/2-BI,"Hex Bushing 3/4"" x 1/2"" Black Iron NPT",pipe_fitting,Valvex,3/4x1/2,BI,NPT,,EA,1,1.39,active,
BUSH-1x3/4-BR,"Hex Bushing 1"" x 3/4"" Brass NPT",pipe_fitting,Valvex,1x3/4,BR,NPT,,EA,1,3.39,active,
BUSH-1x3/4-BI,"Hex Bushing 1"" x 3/4"" Black Iron NPT",pipe_fitting,Valvex,1x3/4,BI,NPT,,EA,1,1.74,active,
BUSH-1x1/2-BR,"Hex Bushing 1"" x 1/2"" Brass NPT",pipe_fitting,Valvex,1x1/2,BR,NPT,,EA,1,3.21,active,
BUSH-1x1/2-BI,"Hex Bushing 1"" x 1/2"" Black Iron NPT",pipe_fitting,Valvex,1x1/2,BI,NPT,,EA,1,1.67,active,
BUSH-1/2x3/8-BR,"Hex Bushing 1/2"" x 3/8"" Brass NPT",pipe_fitting,Valvex,1/2x3/8,BR,NPT,,EA,1,2.38,active,
BUSH-1/2x3/8-BI,"Hex Bushing 1/2"" x 3/8"" Black Iron NPT",pipe_fitting,Valvex,1/2x3/8,BI,NPT,,EA,1,1.05,active,
UNION-1/2-BI,"1/2"" Ground Joint Union Black Iron 150#",pipe_fitting,Valvex,1/2,BI,NPT,,EA,1,5.92,active,
UNION-1/2-BR,"1/2"" Union Brass 125#",pipe_fitting,Valvex,1/2,BR,NPT,,EA,1,9.46,active,
UNION-3/4-BI,"3/4"" Ground Joint Union Black Iron 150#",pipe_fitting,Valvex,3/4,BI,NPT,,EA,1,6.67,active,
UNION-3/4-BR,"3/4"" Union Brass 125#",pipe_fitting,Valvex,3/4,BR,NPT,,EA,1,13.86,active,
UNION-1-BI,"1"" Ground Joint Union Black Iron 150#",pipe_fitting,Valvex,1,BI,NPT,,EA,1,8.82,active,
UNION-1-BR,"1"" Union Brass 125#",pipe_fitting,Valvex,1,BR,NPT,,EA,1,13.58,active,
BV-1/4-BR-FNPT,"1/4"" Ball Valve Brass Full Port FNPT 600 WOG",ball_valve,Valvex,1/4,BR,FNPT,,EA,1,6.69,active,
BV-1/4-SS-FNPT,"1/4"" Ball Valve 316 Stainless Full Port FNPT 600 WOG",ball_valve,Valvex,1/4,SS,FNPT,,EA,1,21.79,active,
BV-3/8-BR-FNPT,"3/8"" Ball Valve Brass Full Port FNPT 600 WOG",ball_valve,Valvex,3/8,BR,FNPT,,EA,1,8.05,active,
BV-3/8-SS-FNPT,"3/8"" Ball Valve 316 Stainless Full Port FNPT 600 WOG",ball_valve,Valvex,3/8,SS,FNPT,,EA,1,25.52,active,
BV-1/2-BR-FNPT,"1/2"" Ball Valve Brass Full Port FNPT 600 WOG",ball_valve,Valvex,1/2,BR,FNPT,,EA,1,11.13,active,
BV-1/2-SS-FNPT,"1/2"" Ball Valve 316 Stainless Full Port FNPT 600 WOG",ball_valve,Valvex,1/2,SS,FNPT,,EA,1,28.62,active,
BV-3/4-BR-FNPT,"3/4"" Ball Valve Brass Full Port FNPT 600 WOG",ball_valve,Valvex,3/4,BR,FNPT,,EA,1,12.73,active,
BV-3/4-SS-FNPT,"3/4"" Ball Valve 316 Stainless Full Port FNPT 600 WOG",ball_valve,Valvex,3/4,SS,FNPT,,EA,1,36.30,active,
BV-1-BR-FNPT,"1"" BALL VALVE BRASS FULL PORT FNPT 600 WOG",ball_valve,Valvex,1,BR,FNPT,,EA,1,16.92,active,
BV-1-1/4-BR-FNPT,"1-1/4"" Ball Valve Brass Full Port FNPT 600 WOG  ",ball_valve,Valvex,1-1/4,BR,FNPT,,EA,1,34.15,active,
BV-1-1/2-BR-FNPT,"1-1/2"" Ball Valve Brass Full Port FNPT 600 WOG",ball_valve,Valvex,1-1/2,BR,FNPT,,EA,1,37.20,active,
BV-2-BR-FNPT,"2"" Ball Valve Brass Full Port FNPT 600 WOG",ball_valve,Valvex,2,BR,FNPT,,EA,1,46.64,active,
BV-1/2-BR-SWT,"1/2"" Ball Valve Brass Solder End 600 WOG",ball_valve,Valvex,1/2,BR,SWT,,EA,1,11.13,active,
BV-3/4-BR-SWT,"3/4"" Ball Valve Brass Solder End 600 WOG",ball_valve,Valvex,3/4,BR,SWT,,EA,1,14.71,active,
GV-3/4-BR,"3/4"" Gate Valve Brass FNPT 125#",ball_valve,Valvex,3/4,BR,FNPT,,EA,1,13.37,active,
GV-1-BR,"1"" Gate Valve Brass FNPT 125#",ball_valve,Valvex,1,BR,FNPT,,EA,1,21.26,active,
CV-1/2-BR,"1/2"" Swing Check Valve Brass FNPT",ball_valve,Valvex,1/2,BR,FNPT,,EA,1,10.93,active,
HOSE-1/4-PUSH,"1/4"" ID Push-Lock Hose 300 PSI Blue (per foot)",hose,Flexon,1/4,NBR,,,FT,1,1.69,active,
HOSE-3/8-PUSH,"3/8"" ID Push-Lock Hose 300 PSI Blue (per foot)",hose,Flexon,3/8,NBR,,,FT,1,1.81,active,
HOSE-1/2-PUSH,"1/2"" ID Push-Lock Hose 300 PSI Blue (per foot)",hose,Flexon,1/2,NBR,,,FT,1,2.30,active,
HOSE-3/8-PUSH-R50,"3/8"" ID Push-Lock Hose 300 PSI Blue 50 ft Reel",hose,Flexon,3/8,NBR,,50,RL,1,83.54,active,
HOSE-3/8-AIR,"3/8"" ID Rubber Air Hose 300 PSI Red (per foot)",hose,Flexon,3/8,EPDM,,,FT,1,1.76,active,
HOSE-1/2-PUSH-R50,"1/2"" ID Push-Lock Hose 300 PSI Blue 50 ft Reel",hose,Flexon,1/2,NBR,,50,RL,1,102.28,active,
HOSE-1/2-AIR,"1/2"" ID Rubber Air Hose 300 PSI Red (per foot)",hose,Flexon,1/2,EPDM,,,FT,1,1.80,active,
HOSE-1/2-AIR-R50,"1/2"" ID Rubber Air Hose Red 50 ft Reel  ",hose,Flexon,1/2,EPDM,,50,RL,1,86.43,active,
TUBE-1/4-NYL,"1/4"" OD Nylon Tubing Natural (per foot)",hose,Flexon,1/4,NYL,,,FT,1,0.56,active,
TUBE-3/8-NYL,"3/8"" OD Nylon Tubing Natural (per foot)",hose,Flexon,3/8,NYL,,,FT,1,0.59,active,
TUBE-1/2-NYL,1/2 IN OD Nylon Tubing Natural (per foot),hose,Flexon,1/2,NYL,,,FT,1,0.77,active,
TUBE-3/8-NYL-R100,"3/8"" OD Nylon Tubing Natural 100 ft Reel",hose,Flexon,3/8,NYL,,100,RL,1,44.94,active,
TUBE-1/4-CU-L,"1/4"" Type L Copper Tube Hard 10 ft Stick",hose,Flexon,1/4,CU,,10,EA,1,10.16,active,
TUBE-3/8-CU-L,"3/8"" Type L Copper Tube Hard 10 ft Stick",hose,Flexon,3/8,CU,,10,EA,1,12.88,active,
TUBE-1/2-CU-L,"1/2"" Type L Copper Tube Hard 10 ft Stick",hose,Flexon,1/2,CU,,10,EA,1,17.90,active,
TUBE-3/4-CU-L,"3/4"" Type L Copper Tube Hard 10 ft Stick",hose,Flexon,3/4,CU,,10,EA,1,21.53,active,
HC-1/4-PUSH,"1/4"" Push-Lock Hose Barb x 1/4"" MNPT Brass",hose,Flexon,1/4,BR,MNPT,,EA,1,1.85,active,
HC-3/8-PUSH,"3/8"" Push-Lock Hose Barb x 3/8"" MNPT Brass",hose,Flexon,3/8,BR,MNPT,,EA,1,2.07,active,
HC-1/2-PUSH,"1/2"" Push-Lock Hose Barb x 1/2"" MNPT Brass",hose,Flexon,1/2,BR,MNPT,,EA,1,2.64,active,
CLAMP-6-SS,"Worm Gear Hose Clamp #6 (7/16""-25/32"") Stainless",hose,Flexon,#6,SS,,,EA,1,1.05,active,
CLAMP-12-SS,"Worm Gear Hose Clamp #12 (11/16""-1-1/4"") Stainless",hose,Flexon,#12,SS,,,EA,1,1.10,active,
CLAMP-6-SS-BX,Worm Gear Hose Clamp #6 Stainless (Box of 10),hose,Flexon,#6,SS,,,BX,10,8.40,active,
WN-YEL,Wire Nut Yellow Winged Twist-On Connector (Box of 100),electrical,Ampline,Yellow,,,,BX,100,7.62,active,
WN-RED,Wire Nut Red Winged Twist-On Connector (Box of 100),electrical,Ampline,Red,,,,BX,100,6.85,active,
WN-BLU,Wire Nut Blue Winged Twist-On Connector (Box of 100),electrical,Ampline,Blue,,,,BX,100,7.17,active,
WN-GRY,Wire Nut Gray Winged Twist-On Connector (Box of 100),electrical,Ampline,Gray,,,,BX,100,7.99,active,
WN-ORG,Wire Nut Orange Winged Twist-On Connector (Box of 100),electrical,Ampline,Orange,,,,BX,100,7.07,active,
EMT-1/2-10,"1/2"" EMT Conduit 10 ft Stick",electrical,Ampline,1/2,GALV,,10,EA,1,8.07,active,
CONN-EMT-1/2-SS,"1/2"" EMT Set Screw Connector Steel",electrical,Ampline,1/2,STL,,,EA,1,1.24,active,
CPL-EMT-1/2-SS,"1/2"" EMT Set Screw Coupling Steel",electrical,Ampline,1/2,STL,,,EA,1,1.56,active,
STRAP-EMT-1/2,"1/2"" EMT One Hole Strap Steel (Bag of 25)",electrical,Ampline,1/2,STL,,,BG,25,4.37,active,
EMT-3/4-10,"3/4"" EMT Conduit 10 ft Stick",electrical,Ampline,3/4,GALV,,10,EA,1,11.76,active,
CONN-EMT-3/4-SS,"3/4"" EMT SET SCREW CONNECTOR STEEL",electrical,Ampline,3/4,STL,,,EA,1,1.61,active,
CPL-EMT-3/4-SS,"3/4"" EMT Set Screw Coupling Steel",electrical,Ampline,3/4,STL,,,EA,1,1.85,active,
STRAP-EMT-3/4,"3/4"" EMT One Hole Strap Steel (Bag of 25)",electrical,Ampline,3/4,STL,,,BG,25,5.79,active,
EMT-1-10,"1"" EMT Conduit 10 ft Stick",electrical,Ampline,1,GALV,,10,EA,1,12.61,active,
CONN-EMT-1-SS,"1"" EMT  Set Screw Connector Steel",electrical,Ampline,1,STL,,,EA,1,1.79,active,
CPL-EMT-1-SS,"1"" EMT Set Screw Coupling Steel",electrical,Ampline,1,STL,,,EA,1,2.45,active,
STRAP-EMT-1,"1"" EMT One Hole Strap Steel (Bag of 25)",electrical,Ampline,1,STL,,,BG,25,5.45,active,
EMT-1-1/4-10,"1-1/4"" EMT Conduit 10 ft Stick",electrical,Ampline,1-1/4,GALV,,10,EA,1,14.60,active,
CONN-EMT-1-1/4-SS,"1-1/4"" EMT Set Screw Connector Steel",electrical,Ampline,1-1/4,STL,,,EA,1,2.42,active,
CPL-EMT-1-1/4-SS,"1-1/4"" EMT Set Screw Coupling Steel",electrical,Ampline,1-1/4,STL,,,EA,1,2.47,active,
STRAP-EMT-1-1/4,"1-1/4"" EMT One Hole Strap Steel (Bag of 25)",electrical,Ampline,1-1/4,STL,,,BG,25,6.26,active,
CB-15A-1P,Circuit Breaker 15A 1-Pole 120/240V Plug-On 10kAIC,electrical,Ampline,15A,,,,EA,1,15.72,active,
CB-20A-1P,Circuit Breaker 20A 1-Pole 120/240V Plug-On 10kAIC  ,electrical,Ampline,20A,,,,EA,1,18.72,active,
CB-30A-1P,Circuit Breaker 30A 1-Pole 120/240V Plug-On 10kAIC,electrical,Ampline,30A,,,,EA,1,22.19,active,
CB-20A-2P,Circuit Breaker 20A 2-Pole 120/240V Plug-On 10kAIC,electrical,Ampline,20A,,,,EA,1,23.22,active,
CB-30A-2P,Circuit Breaker 30A 2-Pole 120/240V Plug-On 10kAIC,electrical,Ampline,30A,,,,EA,1,24.38,active,
CB-50A-2P,Circuit Breaker 50A 2-Pole 120/240V Plug-On 10kAIC,electrical,Ampline,50A,,,,EA,1,33.71,active,
CB-60A-2P,CIRCUIT BREAKER 60A 2-POLE 120/240V PLUG-ON 10KAIC,electrical,Ampline,60A,,,,EA,1,42.13,active,
CB-100A-2P,Circuit Breaker 100A 2-Pole 120/240V Plug-On 10kAIC  ,electrical,Ampline,100A,,,,EA,1,50.87,active,
THHN-14-BLK-500,THHN Wire 14 AWG Stranded Black 500 ft Spool,electrical,Ampline,14 AWG,CU,,500,RL,1,19.56,active,
THHN-14-WHT-500,THHN Wire 14 AWG Stranded White 500 ft Spool,electrical,Ampline,14 AWG,CU,,500,RL,1,21.54,active,
THHN-14-GRN-500,THHN Wire 14 AWG Stranded Green 500 ft Spool,electrical,Ampline,14 AWG,CU,,500,RL,1,19.32,active,
THHN-14-RED-500,THHN Wire 14 AWG Stranded Red 500 ft Spool,electrical,Ampline,14 AWG,CU,,500,RL,1,20.95,active,
THHN-12-BLK-500,THHN Wire 12 AWG Stranded Black 500 ft Spool,electrical,Ampline,12 AWG,CU,,500,RL,1,26.54,active,
THHN-12-WHT-500,THHN Wire 12 AWG Stranded White 500 ft Spool,electrical,Ampline,12 AWG,CU,,500,RL,1,27.42,active,
THHN-12-GRN-500,THHN Wire 12 AWG Stranded Green 500 ft Spool,electrical,Ampline,12 AWG,CU,,500,RL,1,27.24,active,
THHN-12-RED-500,THHN Wire 12 AWG Stranded Red 500 ft Spool,electrical,Ampline,12 AWG,CU,,500,RL,1,24.70,active,
THHN-10-BLK-500,THHN Wire 10 AWG Stranded Black 500 ft Spool,electrical,Ampline,10 AWG,CU,,500,RL,1,32.69,active,
THHN-10-WHT-500,THHN Wire 10 AWG Stranded White 500 ft Spool,electrical,Ampline,10 AWG,CU,,500,RL,1,27.34,active,
THHN-10-GRN-500,THHN Wire 10 AWG Stranded Green 500 ft Spool,electrical,Ampline,10 AWG,CU,,500,RL,1,28.36,active,
THHN-10-RED-500,THHN Wire 10 AWG Stranded Red 500 ft Spool,electrical,Ampline,10 AWG,CU,,500,RL,1,30.51,active,
BOX-4SQ-2-1/8,"4"" Square Box 2-1/8"" Deep Steel",electrical,Ampline,4x4,STL,,,EA,1,3.05,active,
BOX-1G-HANDY,Handy Box 1-Gang 1-7/8 Deep Steel,electrical,Ampline,1G,STL,,,EA,1,2.12,active,
COVER-4SQ-BLANK,"4""  Square Blank Cover Steel",electrical,Ampline,4x4,STL,,,EA,1,0.93,active,
RCPT-20A-DUP,Duplex Receptacle 20A 125V Commercial Grade Ivory  ,electrical,Ampline,20A,,,,EA,1,4.37,active,
SW-20A-1P,Toggle Switch 20A Single Pole Commercial Grade Ivory,electrical,Ampline,20A,,,,EA,1,5.11,active,
TAPE-ELEC-3/4,"Vinyl Electrical Tape 3/4"" x 66 ft Black",electrical,Ampline,3/4,,,66,EA,1,2.14,active,
ZT-7-BX,"7"" Nylon Cable Tie 50 lb Natural (Bag of 100)",electrical,Ampline,7,NYL,,7,BG,100,6.62,active,
ZT-11-BX,"11"" Nylon Cable Tie 50 lb Black UV (Bag of 100)",electrical,Ampline,11,NYL,,11,BG,100,10.59,active,
GLV-NIT-S,Nitrile Coated Work Glove Size S Gray (Pair),safety,ShieldPro,S,NIT,,,PR,1,2.16,active,
GLV-NIT-S-DZ,Nitrile Coated Work Glove Size S Gray (Dozen Pair),safety,ShieldPro,S,NIT,,,DZ,12,22.95,active,
GLV-NIT-M,Nitrile Coated Work Glove Size M Gray (Pair),safety,ShieldPro,M,NIT,,,PR,1,2.02,active,
GLV-NIT-M-DZ,Nitrile Coated Work Glove Size M Gray (Dozen Pair),safety,ShieldPro,M,NIT,,,DZ,12,20.19,active,
GLV-NIT-L,Nitrile Coated Work Glove Size L Gray (Pair),safety,ShieldPro,L,NIT,,,PR,1,1.87,active,
GLV-NIT-L-DZ,Nitrile Coated Work Glove Size L Gray (Dozen Pair),safety,ShieldPro,L,NIT,,,DZ,12,22.98,active,
GLV-NIT-XL,Nitrile Coated Work Glove Size XL Gray (Pair),safety,ShieldPro,XL,NIT,,,PR,1,1.95,active,
GLV-NIT-XL-DZ,Nitrile Coated Work Glove Size XL Gray (Dozen Pair),safety,ShieldPro,XL,NIT,,,DZ,12,23.22,active,
GLV-LTH-M,Leather Palm Work Glove Size M (Pair),safety,ShieldPro,M,LTH,,,PR,1,4.18,active,
GLV-LTH-L,Leather Palm Work Glove Size L (Pair),safety,ShieldPro,L,LTH,,,PR,1,4.08,active,
GLV-LTH-XL,Leather Palm Work Glove Size XL (Pair),safety,ShieldPro,XL,LTH,,,PR,1,4.38,active,
GLV-NIT-EXAM-L-BX,Nitrile Exam Glove Powder Free Large Blue (Box of 100),safety,ShieldPro,L,NIT,,,BX,100,12.25,active,
GLV-NIT-EXAM-M-BX,Nitrile Exam Glove Powder Free Medium Blue (Box of 100),safety,ShieldPro,M,NIT,,,BX,100,11.85,active,
SG-CLR,Safety Glasses Clear Lens Anti-Fog Wraparound,safety,ShieldPro,,,,,EA,1,2.61,active,
SG-SMK,Safety Glasses Smoke Lens Anti-Fog Wraparound,safety,ShieldPro,,,,,EA,1,2.99,active,
SG-CLR-DZ,Safety Glasses Clear  Lens Anti-Fog (Dozen),safety,ShieldPro,,,,,DZ,12,31.07,active,
EARPLUG-BX,Foam Ear Plug Corded 32 dB NRR (Box of 100 Pair),safety,ShieldPro,,,,,BX,100,21.37,active,
HH-YEL,Hard Hat Type I Ratchet Suspension Yellow,safety,ShieldPro,,,,,EA,1,10.89,active,
HH-WHT,Hard Hat Type I Ratchet Suspension White,safety,ShieldPro,,,,,EA,1,11.82,active,
VEST-M,Class 2 Hi-Vis Safety Vest Lime Size M,safety,ShieldPro,M,,,,EA,1,7.53,active,
VEST-L,Class 2 Hi-Vis Safety Vest Lime Size L,safety,ShieldPro,L,,,,EA,1,8.20,active,
VEST-XL,Class 2 Hi-Vis Safety Vest Lime Size XL,safety,ShieldPro,XL,,,,EA,1,7.32,active,
VEST-2XL,Class 2 Hi-Vis Safety Vest Lime Size 2XL,safety,ShieldPro,2XL,,,,EA,1,7.68,active,
RESP-N95-BX,N95 Particulate Respirator (Box of 20),safety,ShieldPro,,,,,BX,20,21.67,active,
FACESHIELD,Face Shield Clear Polycarbonate w/ Headgear  ,safety,ShieldPro,,,,,EA,1,10.13,active,
TAPE-PTFE-1/2,"PTFE Thread Seal Tape 1/2""X520"" White",misc,Valvex,1/2,,,,EA,1,0.90,active,
TAPE-PTFE-3/4,"PTFE Thread Seal Tape 3/4"" x 520"" Yellow Gas",misc,Valvex,3/4,,,,EA,1,1.74,active,
PIPE-DOPE-8OZ,Pipe Thread Sealant w/ PTFE 8 oz Brush Top,misc,Valvex,8 oz,,,,EA,1,6.76,active,
TAPE-DUCT-2,"Duct Tape 2"" x 60 yd Silver",misc,Allmark,2,,,,EA,1,4.99,active,
CUT-OIL-16OZ,Cutting Oil Dark 16 oz,misc,Allmark,16 oz,,,,EA,1,6.28,active,
PEN-OIL-11OZ,Penetrating Oil Aerosol 11 oz,misc,Allmark,11 oz,,,,EA,1,5.90,active,
GRS-EP2-14OZ,Lithium EP2 Grease 14 oz Cartridge,misc,Allmark,14 oz,,,,EA,1,3.78,active,
GRS-EP2-14OZ-CS,Lithium EP2 Grease 14  oz Cartridge (Case of 10),misc,Allmark,14 oz,,,,CS,10,39.02,active,
RAG-25LB,Recycled Cotton Shop Rags 25 lb Box,misc,Allmark,25 lb,,,,BX,1,33.71,active,
TOWEL-BLUE-RL,Blue Shop Towel Roll 55 Sheet,misc,Allmark,,,,,RL,1,3.52,active,
TOWEL-BLUE-CS,Blue Shop Towel Roll 55 Sheet (Case of 30),misc,Allmark,,,,,CS,30,71.71,active,
MKR-PAINT-WHT,Solid Paint Marker White,misc,Allmark,,,,,EA,1,2.55,active,
MKR-PAINT-YEL,Solid Paint Marker Yellow,misc,Allmark,,,,,EA,1,2.78,active,
BRUSH-WIRE-1,"Wire Scratch Brush 1"" x 4 Row Carbon Steel",misc,Allmark,1,,,,EA,1,3.13,active,
BLADE-RECIP-9-PK,"9"" Reciprocating Saw Blade 14 TPI Bi-Metal (Pack of 5)",misc,Allmark,9,,,9,PK,5,15.31,active,
BLADE-UTIL-BX,Utility Knife Blade Heavy Duty (Box of 100),misc,Allmark,,,,,BX,100,9.19,active,
DISC-GRIND-4-1/2,"4-1/2"" x 1/4"" Grinding Wheel Type 27 Metal",misc,Allmark,4-1/2,,,,EA,1,2.26,active,
DISC-CUT-4-1/2,"4-1/2"" x .045"" Cut-Off Wheel Type 1 Metal",misc,Allmark,4-1/2,,,,EA,1,1.56,active,
ANCHOR-WEDGE-1/2x3-3/4-ZP,"Wedge Anchor 1/2"" x 3-3/4"" Zinc Plated (Box of 25)",misc,Torqline,1/2,ZP,13,3-3/4,BX,25,25.01,active,
ANCHOR-WEDGE-3/8x3-ZP,"Wedge Anchor 3/8"" x 3"" Zinc Plated (Box of 50)",misc,Torqline,3/8,ZP,16,3,BX,50,30.15,active,
PADLOCK-1-3/4,"Laminated Steel Padlock 1-3/4"" Keyed Different",misc,Allmark,1-3/4,,,,EA,1,8.14,active,
CHAIN-1/4-G30,"1/4"" Grade 30 Proof Coil Chain Zinc (per foot)",misc,Torqline,1/4,ZP,,,FT,1,1.79,active,
SHACKLE-1/2-G,"1/2"" Screw Pin Anchor Shackle Galvanized 2 Ton",misc,Torqline,1/2,GALV,,,EA,1,5.03,active,
TURNBUCKLE-1/2x6,"Turnbuckle Eye & Eye 1/2"" x 6"" Galvanized",misc,Torqline,1/2,GALV,,6,EA,1,7.19,active,
EL90-1/2-GALV,"1/2"" 90 Elbow Galvanized NPT 150#",pipe_fitting,Valvex,1/2,GALV,NPT,,EA,1,1.30,discontinued,EL90-1/2-GV
EL90-1-1/2-GALV,"1-1/2"" 90 Elbow Galvanized NPT 150#",pipe_fitting,Valvex,1-1/2,GALV,NPT,,EA,1,5.13,discontinued,EL90-1-1/2-GV
TEE-1-1/2-GALV,"1-1/2"" Tee Galvanized NPT 150#",pipe_fitting,Valvex,1-1/2,GALV,NPT,,EA,1,7.02,discontinued,TEE-1-1/2-GV
CPL-3/4-GALV,"3/4"" Coupling Galvanized NPT 150#",pipe_fitting,Valvex,3/4,GALV,NPT,,EA,1,1.62,discontinued,CPL-3/4-GV
HHCS-1/2-13x2-CD,"Hex Cap Screw 1/2""-13 x 2"" Cadmium Plated",hex_cap_screw,Torqline,1/2,CD,13,2,EA,1,0.69,discontinued,HHCS-1/2-13x2-ZP
HHCS-3/8-16x1-1/2-CD,"Hex Cap Screw 3/8""-16 x 1-1/2"" Cadmium Plated",hex_cap_screw,Torqline,3/8,CD,16,1-1/2,EA,1,0.43,discontinued,HHCS-3/8-16x1-1/2-ZP
HN-1/2-13-CD,"Hex Nut 1/2""-13 Cadmium Plated (Box of 100)",hex_nut,Torqline,1/2,CD,13,,BX,100,12.12,discontinued,HN-1/2-13-ZP
FW-1/2-CD,"FLAT WASHER 1/2"" CADMIUM PLATED USS (BOX OF 100)",flat_washer,Torqline,1/2,CD,,,BX,100,6.17,discontinued,FW-1/2-ZP
BV-3/4-BR-FNPT-V1,"3/4"" Ball Valve Brass Standard Port FNPT 400 WOG",ball_valve,Valvex,3/4,BR,FNPT,,EA,1,10.23,discontinued,BV-3/4-BR-FNPT
HOSE-3/8-PUSH-R100,"3/8"" ID Push-Lock Hose 300 PSI Blue 100 ft Reel",hose,Flexon,3/8,NBR,,100,RL,1,155.45,discontinued,HOSE-3/8-PUSH-R50
WN-YEL-50,Wire Nut Yellow Winged Twist-On Connector (Box of 50),electrical,Ampline,Yellow,,,,BX,50,4.14,discontinued,WN-YEL
CB-20A-1P-OLD,Circuit Breaker 20A 1-Pole 120V Bolt-On (Legacy Series),electrical,Ampline,20A,,,,EA,1,12.81,discontinued,CB-20A-1P
GLV-LTX-L,Latex Coated Work Glove Size L Blue (Pair),safety,ShieldPro,L,LTX,,,PR,1,1.78,discontinued,GLV-LTX-L-2
SG-AMB,SAFETY GLASSES AMBER LENS WRAPAROUND,safety,ShieldPro,,,,,EA,1,2.89,discontinued,SG-AMB-AF
EMT-3/4-10-OLD,"3/4"" EMT Conduit 10 ft Stick (Old Mill Code)",electrical,Ampline,3/4,GALV,,10,EA,1,10.58,discontinued,EMT-3/4-10
EL90-3/8-GV,"3/8"" 90 Elbow Galvanized NPT 150#",pipe_fitting,Valvex,3/8,GALV,NPT,,EA,1,1.23,active,
EL90-1/2-GV,"1/2"" 90 Elbow Galvanized NPT 150#",pipe_fitting,Valvex,1/2,GALV,NPT,,EA,1,1.33,active,
EL90-1-1/2-GV,"1-1/2"" 90 Elbow Galvanized NPT 150#",pipe_fitting,Valvex,1-1/2,GALV,NPT,,EA,1,4.61,active,
TEE-3/8-GV,"3/8"" Tee Galvanized NPT 150#",pipe_fitting,Valvex,3/8,GALV,NPT,,EA,1,1.55,active,
TEE-1-1/2-GV,"1-1/2"" Tee Galvanized NPT 150#",pipe_fitting,Valvex,1-1/2,GALV,NPT,,EA,1,7.25,active,
CPL-3/8-GV,"3/8"" Coupling Galvanized NPT 150#",pipe_fitting,Valvex,3/8,GALV,NPT,,EA,1,0.92,active,
CPL-3/4-GV,"3/4"" Coupling Galvanized NPT 150#",pipe_fitting,Valvex,3/4,GALV,NPT,,EA,1,1.81,active,
CPL-1-1/2-GV,"1-1/2"" Coupling Galvanized NPT 150#",pipe_fitting,Valvex,1-1/2,GALV,NPT,,EA,1,3.63,active,
HHCS-7/16-14x1-ZP,"Hex Cap Screw 7/16""-14 x 1"" Zinc Plated",hex_cap_screw,Torqline,7/16,ZP,14,1,EA,1,0.33,active,
HN-7/16-14-ZP,"Hex Nut 7/16""-14 Zinc Plated (Box of 100)",hex_nut,Torqline,7/16,ZP,14,,BX,100,10.08,active,
GLV-LTX-L-2,Latex Coated Work Glove Size L Blue Crinkle Grip (Pair),safety,ShieldPro,L,LTX,,,PR,1,1.80,active,
SG-AMB-AF,Safety Glasses Amber Lens Anti-Fog Wraparound,safety,ShieldPro,,,,,EA,1,2.81,active,
